{"cameraMode":{"drawMode":0,"name":"Shaded","section":"Shading Mode"},"sceneLighting":false,"audioPlay":false,"sceneViewState":{"m_AlwaysRefresh":false,"showFog":true,"showSkybox":false,"showFlares":true,"showImageEffects":true,"showParticleSystems":true,"showVisualEffectGraphs":true,"m_FxEnabled":true},"in2DMode":false,"pivot":{"x":11.713483810424805,"y":0.43084239959716799,"z":4.733013153076172},"rotation":{"x":0.03216402605175972,"y":0.6069132685661316,"z":-0.024593500420451165,"w":0.793738067150116},"size":0.8660253882408142,"orthographic":false}